{
  "Add Contact Request - 5" : {
    "transaction" : "Add Contact Request - 5",
    "sampleCount" : 1,
    "errorCount" : 0,
    "errorPct" : 0.0,
    "meanResTime" : 1049.0,
    "medianResTime" : 1049.0,
    "minResTime" : 1049.0,
    "maxResTime" : 1049.0,
    "pct1ResTime" : 1049.0,
    "pct2ResTime" : 1049.0,
    "pct3ResTime" : 1049.0,
    "throughput" : 0.9532888465204957,
    "receivedKBytesPerSec" : 0.9895957459485225,
    "sentKBytesPerSec" : 0.796889895138227
  },
  "Add Contact Request - 4" : {
    "transaction" : "Add Contact Request - 4",
    "sampleCount" : 1,
    "errorCount" : 0,
    "errorPct" : 0.0,
    "meanResTime" : 1050.0,
    "medianResTime" : 1050.0,
    "minResTime" : 1050.0,
    "maxResTime" : 1050.0,
    "pct1ResTime" : 1050.0,
    "pct2ResTime" : 1050.0,
    "pct3ResTime" : 1050.0,
    "throughput" : 0.9523809523809523,
    "receivedKBytesPerSec" : 0.9867931547619048,
    "sentKBytesPerSec" : 0.7905505952380952
  },
  "Add Contact Request - 3" : {
    "transaction" : "Add Contact Request - 3",
    "sampleCount" : 1,
    "errorCount" : 0,
    "errorPct" : 0.0,
    "meanResTime" : 1037.0,
    "medianResTime" : 1037.0,
    "minResTime" : 1037.0,
    "maxResTime" : 1037.0,
    "pct1ResTime" : 1037.0,
    "pct2ResTime" : 1037.0,
    "pct3ResTime" : 1037.0,
    "throughput" : 0.9643201542912248,
    "receivedKBytesPerSec" : 1.012347818225651,
    "sentKBytesPerSec" : 0.8023445033751206
  },
  "GET_CONTACT" : {
    "transaction" : "GET_CONTACT",
    "sampleCount" : 5,
    "errorCount" : 0,
    "errorPct" : 0.0,
    "meanResTime" : 2119.2,
    "medianResTime" : 2094.0,
    "minResTime" : 2087.0,
    "maxResTime" : 2187.0,
    "pct1ResTime" : 2187.0,
    "pct2ResTime" : 2187.0,
    "pct3ResTime" : 2187.0,
    "throughput" : 0.42567682615358415,
    "receivedKBytesPerSec" : 1.8607564543248765,
    "sentKBytesPerSec" : 0.4423879671803167
  },
  "Get Contact Request - 4" : {
    "transaction" : "Get Contact Request - 4",
    "sampleCount" : 1,
    "errorCount" : 0,
    "errorPct" : 0.0,
    "meanResTime" : 1055.0,
    "medianResTime" : 1055.0,
    "minResTime" : 1055.0,
    "maxResTime" : 1055.0,
    "pct1ResTime" : 1055.0,
    "pct2ResTime" : 1055.0,
    "pct3ResTime" : 1055.0,
    "throughput" : 0.9478672985781991,
    "receivedKBytesPerSec" : 2.983375296208531,
    "sentKBytesPerSec" : 0.48319016587677727
  },
  "ADD_CONTACT" : {
    "transaction" : "ADD_CONTACT",
    "sampleCount" : 5,
    "errorCount" : 1,
    "errorPct" : 20.0,
    "meanResTime" : 1045.2,
    "medianResTime" : 1049.0,
    "minResTime" : 1024.0,
    "maxResTime" : 1066.0,
    "pct1ResTime" : 1066.0,
    "pct2ResTime" : 1066.0,
    "pct3ResTime" : 1066.0,
    "throughput" : 0.4664179104477612,
    "receivedKBytesPerSec" : 0.49310940415111937,
    "sentKBytesPerSec" : 0.3883475687966418
  },
  "PATCH_UPDATE_CONTACT" : {
    "transaction" : "PATCH_UPDATE_CONTACT",
    "sampleCount" : 5,
    "errorCount" : 1,
    "errorPct" : 20.0,
    "meanResTime" : 862.0,
    "medianResTime" : 1056.0,
    "minResTime" : 3.0,
    "maxResTime" : 1128.0,
    "pct1ResTime" : 1128.0,
    "pct2ResTime" : 1128.0,
    "pct3ResTime" : 1128.0,
    "throughput" : 0.1594896331738437,
    "receivedKBytesPerSec" : 0.20023425039872408,
    "sentKBytesPerSec" : 0.08310905103668262
  },
  "Get Contact Request - 5" : {
    "transaction" : "Get Contact Request - 5",
    "sampleCount" : 1,
    "errorCount" : 0,
    "errorPct" : 0.0,
    "meanResTime" : 1058.0,
    "medianResTime" : 1058.0,
    "minResTime" : 1058.0,
    "maxResTime" : 1058.0,
    "pct1ResTime" : 1058.0,
    "pct2ResTime" : 1058.0,
    "pct3ResTime" : 1058.0,
    "throughput" : 0.945179584120983,
    "receivedKBytesPerSec" : 2.9915303048204156,
    "sentKBytesPerSec" : 0.48182006143667294
  },
  "Get Contact Request - 2" : {
    "transaction" : "Get Contact Request - 2",
    "sampleCount" : 1,
    "errorCount" : 0,
    "errorPct" : 0.0,
    "meanResTime" : 1050.0,
    "medianResTime" : 1050.0,
    "minResTime" : 1050.0,
    "maxResTime" : 1050.0,
    "pct1ResTime" : 1050.0,
    "pct2ResTime" : 1050.0,
    "pct3ResTime" : 1050.0,
    "throughput" : 0.9523809523809523,
    "receivedKBytesPerSec" : 2.710193452380952,
    "sentKBytesPerSec" : 0.4854910714285714
  },
  "Update Contact Request - 2" : {
    "transaction" : "Update Contact Request - 2",
    "sampleCount" : 2,
    "errorCount" : 2,
    "errorPct" : 100.0,
    "meanResTime" : 15138.0,
    "medianResTime" : 15138.0,
    "minResTime" : 3.0,
    "maxResTime" : 30273.0,
    "pct1ResTime" : 30273.0,
    "pct2ResTime" : 30273.0,
    "pct3ResTime" : 30273.0,
    "throughput" : 0.0660545610674417,
    "receivedKBytesPerSec" : 0.10824175143668671,
    "sentKBytesPerSec" : 0.02944717492899135
  },
  "Update Contact Request - 1" : {
    "transaction" : "Update Contact Request - 1",
    "sampleCount" : 2,
    "errorCount" : 0,
    "errorPct" : 0.0,
    "meanResTime" : 1053.0,
    "medianResTime" : 1053.0,
    "minResTime" : 1034.0,
    "maxResTime" : 1072.0,
    "pct1ResTime" : 1072.0,
    "pct2ResTime" : 1072.0,
    "pct3ResTime" : 1072.0,
    "throughput" : 0.9492168960607499,
    "receivedKBytesPerSec" : 0.9913940140009492,
    "sentKBytesPerSec" : 0.7434296392975794
  },
  "Get Contact Request - 3" : {
    "transaction" : "Get Contact Request - 3",
    "sampleCount" : 1,
    "errorCount" : 0,
    "errorPct" : 0.0,
    "meanResTime" : 1052.0,
    "medianResTime" : 1052.0,
    "minResTime" : 1052.0,
    "maxResTime" : 1052.0,
    "pct1ResTime" : 1052.0,
    "pct2ResTime" : 1052.0,
    "pct3ResTime" : 1052.0,
    "throughput" : 0.9505703422053232,
    "receivedKBytesPerSec" : 2.7050409933460076,
    "sentKBytesPerSec" : 0.48456808460076045
  },
  "DELETE_CONTACT" : {
    "transaction" : "DELETE_CONTACT",
    "sampleCount" : 5,
    "errorCount" : 1,
    "errorPct" : 20.0,
    "meanResTime" : 7010.0,
    "medianResTime" : 1044.0,
    "minResTime" : 1037.0,
    "maxResTime" : 30877.0,
    "pct1ResTime" : 30877.0,
    "pct2ResTime" : 30877.0,
    "pct3ResTime" : 30877.0,
    "throughput" : 0.08175678990140131,
    "receivedKBytesPerSec" : 0.06815194908187125,
    "sentKBytesPerSec" : 0.05175268673250814
  },
  "Get Contact Request - 1" : {
    "transaction" : "Get Contact Request - 1",
    "sampleCount" : 1,
    "errorCount" : 0,
    "errorPct" : 0.0,
    "meanResTime" : 1131.0,
    "medianResTime" : 1131.0,
    "minResTime" : 1131.0,
    "maxResTime" : 1131.0,
    "pct1ResTime" : 1131.0,
    "pct2ResTime" : 1131.0,
    "pct3ResTime" : 1131.0,
    "throughput" : 0.8841732979664013,
    "receivedKBytesPerSec" : 2.5160947170645445,
    "sentKBytesPerSec" : 0.45072115384615385
  },
  "Add Contact Request - 2" : {
    "transaction" : "Add Contact Request - 2",
    "sampleCount" : 1,
    "errorCount" : 1,
    "errorPct" : 100.0,
    "meanResTime" : 1024.0,
    "medianResTime" : 1024.0,
    "minResTime" : 1024.0,
    "maxResTime" : 1024.0,
    "pct1ResTime" : 1024.0,
    "pct2ResTime" : 1024.0,
    "pct3ResTime" : 1024.0,
    "throughput" : 0.9765625,
    "receivedKBytesPerSec" : 1.1014938354492188,
    "sentKBytesPerSec" : 0.8134841918945312
  },
  "Add Contact Request - 1" : {
    "transaction" : "Add Contact Request - 1",
    "sampleCount" : 1,
    "errorCount" : 0,
    "errorPct" : 0.0,
    "meanResTime" : 1066.0,
    "medianResTime" : 1066.0,
    "minResTime" : 1066.0,
    "maxResTime" : 1066.0,
    "pct1ResTime" : 1066.0,
    "pct2ResTime" : 1066.0,
    "pct3ResTime" : 1066.0,
    "throughput" : 0.9380863039399625,
    "receivedKBytesPerSec" : 0.9701498006566603,
    "sentKBytesPerSec" : 0.7805171200750468
  },
  "Update Contact Request - 4" : {
    "transaction" : "Update Contact Request - 4",
    "sampleCount" : 2,
    "errorCount" : 0,
    "errorPct" : 0.0,
    "meanResTime" : 1085.0,
    "medianResTime" : 1085.0,
    "minResTime" : 1042.0,
    "maxResTime" : 1128.0,
    "pct1ResTime" : 1128.0,
    "pct2ResTime" : 1128.0,
    "pct3ResTime" : 1128.0,
    "throughput" : 0.9208103130755064,
    "receivedKBytesPerSec" : 0.9617252244475137,
    "sentKBytesPerSec" : 0.721181514732965
  },
  "Update Contact Request - 3" : {
    "transaction" : "Update Contact Request - 3",
    "sampleCount" : 2,
    "errorCount" : 0,
    "errorPct" : 0.0,
    "meanResTime" : 1046.0,
    "medianResTime" : 1046.0,
    "minResTime" : 1041.0,
    "maxResTime" : 1051.0,
    "pct1ResTime" : 1051.0,
    "pct2ResTime" : 1051.0,
    "pct3ResTime" : 1051.0,
    "throughput" : 0.9551098376313276,
    "receivedKBytesPerSec" : 0.9956833512416429,
    "sentKBytesPerSec" : 0.7480450095510984
  },
  "Update Contact Request - 5" : {
    "transaction" : "Update Contact Request - 5",
    "sampleCount" : 2,
    "errorCount" : 0,
    "errorPct" : 0.0,
    "meanResTime" : 1051.5,
    "medianResTime" : 1051.5,
    "minResTime" : 1047.0,
    "maxResTime" : 1056.0,
    "pct1ResTime" : 1056.0,
    "pct2ResTime" : 1056.0,
    "pct3ResTime" : 1056.0,
    "throughput" : 0.9501187648456056,
    "receivedKBytesPerSec" : 0.9923359560570071,
    "sentKBytesPerSec" : 0.7441359857482185
  },
  "PUT_UPDATE_CONTACT" : {
    "transaction" : "PUT_UPDATE_CONTACT",
    "sampleCount" : 5,
    "errorCount" : 1,
    "errorPct" : 20.0,
    "meanResTime" : 6887.4,
    "medianResTime" : 1042.0,
    "minResTime" : 1034.0,
    "maxResTime" : 30273.0,
    "pct1ResTime" : 30273.0,
    "pct2ResTime" : 30273.0,
    "pct3ResTime" : 30273.0,
    "throughput" : 0.15441153763009172,
    "receivedKBytesPerSec" : 0.16526859886970754,
    "sentKBytesPerSec" : 0.14056878454958155
  },
  "Get Contact by ID Request - 1" : {
    "transaction" : "Get Contact by ID Request - 1",
    "sampleCount" : 1,
    "errorCount" : 0,
    "errorPct" : 0.0,
    "meanResTime" : 1056.0,
    "medianResTime" : 1056.0,
    "minResTime" : 1056.0,
    "maxResTime" : 1056.0,
    "pct1ResTime" : 1056.0,
    "pct2ResTime" : 1056.0,
    "pct3ResTime" : 1056.0,
    "throughput" : 0.946969696969697,
    "receivedKBytesPerSec" : 0.9858102509469696,
    "sentKBytesPerSec" : 0.5058519767992424
  },
  "Get Contact by ID Request - 2" : {
    "transaction" : "Get Contact by ID Request - 2",
    "sampleCount" : 1,
    "errorCount" : 0,
    "errorPct" : 0.0,
    "meanResTime" : 1089.0,
    "medianResTime" : 1089.0,
    "minResTime" : 1089.0,
    "maxResTime" : 1089.0,
    "pct1ResTime" : 1089.0,
    "pct2ResTime" : 1089.0,
    "pct3ResTime" : 1089.0,
    "throughput" : 0.9182736455463728,
    "receivedKBytesPerSec" : 2.622998450413223,
    "sentKBytesPerSec" : 0.4690010904499541
  },
  "Get Contact by ID Request - 3" : {
    "transaction" : "Get Contact by ID Request - 3",
    "sampleCount" : 1,
    "errorCount" : 0,
    "errorPct" : 0.0,
    "meanResTime" : 1035.0,
    "medianResTime" : 1035.0,
    "minResTime" : 1035.0,
    "maxResTime" : 1035.0,
    "pct1ResTime" : 1035.0,
    "pct2ResTime" : 1035.0,
    "pct3ResTime" : 1035.0,
    "throughput" : 0.966183574879227,
    "receivedKBytesPerSec" : 0.998263888888889,
    "sentKBytesPerSec" : 0.5161156400966184
  },
  "Get Contact by ID Request - 4" : {
    "transaction" : "Get Contact by ID Request - 4",
    "sampleCount" : 1,
    "errorCount" : 0,
    "errorPct" : 0.0,
    "meanResTime" : 1034.0,
    "medianResTime" : 1034.0,
    "minResTime" : 1034.0,
    "maxResTime" : 1034.0,
    "pct1ResTime" : 1034.0,
    "pct2ResTime" : 1034.0,
    "pct3ResTime" : 1034.0,
    "throughput" : 0.9671179883945842,
    "receivedKBytesPerSec" : 1.0011182301740813,
    "sentKBytesPerSec" : 0.5166147848162476
  },
  "Delete Contact Request - 5" : {
    "transaction" : "Delete Contact Request - 5",
    "sampleCount" : 1,
    "errorCount" : 0,
    "errorPct" : 0.0,
    "meanResTime" : 1041.0,
    "medianResTime" : 1041.0,
    "minResTime" : 1041.0,
    "maxResTime" : 1041.0,
    "pct1ResTime" : 1041.0,
    "pct2ResTime" : 1041.0,
    "pct3ResTime" : 1041.0,
    "throughput" : 0.9606147934678194,
    "receivedKBytesPerSec" : 0.7092038904899136,
    "sentKBytesPerSec" : 0.6125795509125841
  },
  "Get Contact by ID Request - 5" : {
    "transaction" : "Get Contact by ID Request - 5",
    "sampleCount" : 1,
    "errorCount" : 0,
    "errorPct" : 0.0,
    "meanResTime" : 1036.0,
    "medianResTime" : 1036.0,
    "minResTime" : 1036.0,
    "maxResTime" : 1036.0,
    "pct1ResTime" : 1036.0,
    "pct2ResTime" : 1036.0,
    "pct3ResTime" : 1036.0,
    "throughput" : 0.9652509652509653,
    "receivedKBytesPerSec" : 1.0048413368725868,
    "sentKBytesPerSec" : 0.515617458976834
  },
  "Delete Contact Request - 3" : {
    "transaction" : "Delete Contact Request - 3",
    "sampleCount" : 1,
    "errorCount" : 0,
    "errorPct" : 0.0,
    "meanResTime" : 1044.0,
    "medianResTime" : 1044.0,
    "minResTime" : 1044.0,
    "maxResTime" : 1044.0,
    "pct1ResTime" : 1044.0,
    "pct2ResTime" : 1044.0,
    "pct3ResTime" : 1044.0,
    "throughput" : 0.9578544061302682,
    "receivedKBytesPerSec" : 0.7034243295019157,
    "sentKBytesPerSec" : 0.6108192648467433
  },
  "Delete Contact Request - 4" : {
    "transaction" : "Delete Contact Request - 4",
    "sampleCount" : 1,
    "errorCount" : 0,
    "errorPct" : 0.0,
    "meanResTime" : 1051.0,
    "medianResTime" : 1051.0,
    "minResTime" : 1051.0,
    "maxResTime" : 1051.0,
    "pct1ResTime" : 1051.0,
    "pct2ResTime" : 1051.0,
    "pct3ResTime" : 1051.0,
    "throughput" : 0.9514747859181732,
    "receivedKBytesPerSec" : 0.7061726926736442,
    "sentKBytesPerSec" : 0.60675101094196
  },
  "Delete Contact Request - 1" : {
    "transaction" : "Delete Contact Request - 1",
    "sampleCount" : 1,
    "errorCount" : 0,
    "errorPct" : 0.0,
    "meanResTime" : 1037.0,
    "medianResTime" : 1037.0,
    "minResTime" : 1037.0,
    "maxResTime" : 1037.0,
    "pct1ResTime" : 1037.0,
    "pct2ResTime" : 1037.0,
    "pct3ResTime" : 1037.0,
    "throughput" : 0.9643201542912248,
    "receivedKBytesPerSec" : 0.7232401157184186,
    "sentKBytesPerSec" : 0.6149424421407907
  },
  "Delete Contact Request - 2" : {
    "transaction" : "Delete Contact Request - 2",
    "sampleCount" : 1,
    "errorCount" : 1,
    "errorPct" : 100.0,
    "meanResTime" : 30877.0,
    "medianResTime" : 30877.0,
    "minResTime" : 30877.0,
    "maxResTime" : 30877.0,
    "pct1ResTime" : 30877.0,
    "pct2ResTime" : 30877.0,
    "pct3ResTime" : 30877.0,
    "throughput" : 0.032386566052401464,
    "receivedKBytesPerSec" : 0.03896508728179551,
    "sentKBytesPerSec" : 0.019893701217734885
  },
  "Total" : {
    "transaction" : "Total",
    "sampleCount" : 35,
    "errorCount" : 4,
    "errorPct" : 11.428572,
    "meanResTime" : 2953.8571428571427,
    "medianResTime" : 1051.0,
    "minResTime" : 3.0,
    "maxResTime" : 30877.0,
    "pct1ResTime" : 2830.3999999999996,
    "pct2ResTime" : 30393.799999999996,
    "pct3ResTime" : 30877.0,
    "throughput" : 0.5036188612458092,
    "receivedKBytesPerSec" : 0.706373229240111,
    "sentKBytesPerSec" : 0.30252261338618935
  },
  "AUTH Request" : {
    "transaction" : "AUTH Request",
    "sampleCount" : 5,
    "errorCount" : 0,
    "errorPct" : 0.0,
    "meanResTime" : 2753.2,
    "medianResTime" : 2725.0,
    "minResTime" : 2645.0,
    "maxResTime" : 2969.0,
    "pct1ResTime" : 2969.0,
    "pct2ResTime" : 2969.0,
    "pct3ResTime" : 2969.0,
    "throughput" : 0.39556962025316456,
    "receivedKBytesPerSec" : 0.48665879647943033,
    "sentKBytesPerSec" : 0.10623207575158228
  }
}